date,mon,tue,wed,thu,fri,sat,sun,public_holiday,public_holiday_previous_day,total_outpatient,intro_outpatient,ER,bed_count,y
2022/2/1,0,1,0,0,0,0,0,0,0,531,21,12,242,20
2022/2/2,0,0,1,0,0,0,0,0,0,622,14,8,242,14
2022/2/3,0,0,0,1,0,0,0,0,0,455,16,13,243,17
2022/2/4,0,0,0,0,1,0,0,0,0,665,14,15,239,19
2022/2/5,0,0,0,0,0,1,0,0,0,187,4,15,237,12
2022/2/6,0,0,0,0,0,0,1,0,0,14,0,10,234,6
2022/2/7,1,0,0,0,0,0,0,0,0,474,10,15,234,21
2022/2/8,0,1,0,0,0,0,0,0,0,618,21,16,231,16
2022/2/9,0,0,1,0,0,0,0,0,0,668,14,19,233,17
2022/2/10,0,0,0,1,0,0,0,0,1,584,16,27,232,25
2022/2/11,0,0,0,0,1,0,0,1,0,113,3,12,237,12
2022/2/12,0,0,0,0,0,1,0,0,0,177,1,6,233,6
2022/2/13,0,0,0,0,0,0,1,0,0,4,2,2,228,2
2022/2/14,1,0,0,0,0,0,0,0,0,574,15,8,234,21
2022/2/15,0,1,0,0,0,0,0,0,0,590,14,17,239,21
2022/2/16,0,0,1,0,0,0,0,0,0,805,21,13,241,22
2022/2/17,0,0,0,1,0,0,0,0,0,581,14,6,246,12
2022/2/18,0,0,0,0,1,0,0,0,0,750,14,22,251,18
2022/2/19,0,0,0,0,0,1,0,0,0,224,4,24,248,15
2022/2/20,0,0,0,0,0,0,1,0,0,33,2,17,250,11
2022/2/21,1,0,0,0,0,0,0,0,0,569,12,13,253,23
2022/2/22,0,1,0,0,0,0,0,0,1,458,12,17,250,12
2022/2/23,0,0,1,0,0,0,0,1,0,103,0,20,247,8
2022/2/24,0,0,0,1,0,0,0,0,0,494,13,13,246,13
2022/2/25,0,0,0,0,1,0,0,0,0,623,18,16,249,17
2022/2/26,0,0,0,0,0,1,0,0,0,159,0,14,250,14
2022/2/27,0,0,0,0,0,0,1,0,0,13,0,12,258,13
2022/2/28,1,0,0,0,0,0,0,0,0,562,11,7,252,14
2022/3/1,0,1,0,0,0,0,0,0,0,599,18,11,247,19
2022/3/2,0,0,1,0,0,0,0,0,0,732,14,21,245,17
2022/3/3,0,0,0,1,0,0,0,0,0,437,8,18,252,18
2022/3/4,0,0,0,0,1,0,0,0,0,650,9,12,249,18
2022/3/5,0,0,0,0,0,1,0,0,0,163,2,10,251,8
2022/3/6,0,0,0,0,0,0,1,0,0,24,1,14,255,13
2022/3/7,1,0,0,0,0,0,0,0,0,563,16,9,268,25
2022/3/8,0,1,0,0,0,0,0,0,0,597,13,12,268,21
2022/3/9,0,0,1,0,0,0,0,0,0,669,19,15,260,14
2022/3/10,0,0,0,1,0,0,0,0,0,537,14,12,262,25
2022/3/11,0,0,0,0,1,0,0,0,0,627,14,10,257,21
2022/3/12,0,0,0,0,0,1,0,0,0,478,1,10,248,7
2022/3/13,0,0,0,0,0,0,1,0,0,27,1,14,252,13
2022/3/14,1,0,0,0,0,0,0,0,0,732,16,9,265,32
2022/3/15,0,1,0,0,0,0,0,0,0,547,7,11,265,15
2022/3/16,0,0,1,0,0,0,0,0,0,776,22,14,266,21
2022/3/17,0,0,0,1,0,0,0,0,0,572,15,14,260,16
2022/3/18,0,0,0,0,1,0,0,0,1,634,13,5,247,15
2022/3/19,0,0,0,0,0,1,0,1,0,516,3,5,233,4
2022/3/20,0,0,0,0,0,0,1,0,0,20,2,7,235,10
2022/3/21,1,0,0,0,0,0,0,0,0,98,4,7,236,8
2022/3/22,0,1,0,0,0,0,0,0,0,569,23,18,258,45
2022/3/23,0,0,1,0,0,0,0,0,0,666,20,11,260,24
2022/3/24,0,0,0,1,0,0,0,0,0,525,18,12,248,13
2022/3/25,0,0,0,0,1,0,0,0,0,597,14,12,243,17
2022/3/26,0,0,0,0,0,1,0,0,0,494,3,20,239,13
2022/3/27,0,0,0,0,0,0,1,0,0,25,2,7,233,9
2022/3/28,1,0,0,0,0,0,0,0,0,624,19,13,231,23
2022/3/29,0,1,0,0,0,0,0,0,0,525,12,6,221,12
2022/3/30,0,0,1,0,0,0,0,0,0,688,15,17,219,23
2022/3/31,0,0,0,1,0,0,0,0,0,393,13,7,205,15
2022/4/1,0,0,0,0,1,0,0,0,0,570,13,12,203,17
2022/4/2,0,0,0,0,0,1,0,0,0,197,6,19,209,18
2022/4/3,0,0,0,0,0,0,1,0,0,21,0,11,214,12
2022/4/4,1,0,0,0,0,0,0,0,0,572,25,15,224,36
2022/4/5,0,1,0,0,0,0,0,0,0,550,15,19,233,28
2022/4/6,0,0,1,0,0,0,0,0,0,702,18,12,232,23
2022/4/7,0,0,0,1,0,0,0,0,0,549,20,11,229,25
2022/4/8,0,0,0,0,1,0,0,0,0,642,14,7,231,21
2022/4/9,0,0,0,0,0,1,0,0,0,485,2,13,227,8
2022/4/10,0,0,0,0,0,0,1,0,0,29,5,15,236,18
2022/4/11,1,0,0,0,0,0,0,0,0,633,19,16,251,35
2022/4/12,0,1,0,0,0,0,0,0,0,609,15,17,252,23
2022/4/13,0,0,1,0,0,0,0,0,0,758,27,16,260,26
2022/4/14,0,0,0,1,0,0,0,0,0,515,16,16,264,23
2022/4/15,0,0,0,0,1,0,0,0,0,656,17,14,264,23
2022/4/16,0,0,0,0,0,1,0,0,0,436,6,14,258,13
2022/4/17,0,0,0,0,0,0,1,0,0,27,1,16,258,11
2022/4/18,1,0,0,0,0,0,0,0,0,636,18,15,276,35
2022/4/19,0,1,0,0,0,0,0,0,0,601,25,14,269,19
2022/4/20,0,0,1,0,0,0,0,0,0,734,13,12,275,29
2022/4/21,0,0,0,1,0,0,0,0,0,592,27,10,275,30
2022/4/22,0,0,0,0,1,0,0,0,0,656,11,19,262,17
2022/4/23,0,0,0,0,0,1,0,0,0,229,3,18,260,13
2022/4/24,0,0,0,0,0,0,1,0,0,21,3,13,259,11
2022/4/25,1,0,0,0,0,0,0,0,0,638,19,15,261,27
2022/4/26,0,1,0,0,0,0,0,0,0,650,28,14,255,28
2022/4/27,0,0,1,0,0,0,0,0,0,811,16,15,262,31
2022/4/28,0,0,0,1,0,0,0,0,1,601,14,8,252,19
2022/4/29,0,0,0,0,1,0,0,1,0,102,0,13,239,10
2022/4/30,0,0,0,0,0,1,0,0,0,204,5,17,239,16
2022/5/1,0,0,0,0,0,0,1,0,0,20,2,7,240,9
2022/5/2,1,0,0,0,0,0,0,0,1,649,27,23,242,24
2022/5/3,0,1,0,0,0,0,0,1,0,78,0,16,241,11
2022/5/4,0,0,1,0,0,0,0,0,0,120,2,16,236,8
2022/5/5,0,0,0,1,0,0,0,0,0,85,1,14,246,16
2022/5/6,0,0,0,0,1,0,0,0,0,677,20,15,269,28
2022/5/7,0,0,0,0,0,1,0,0,0,250,4,20,272,18
2022/5/8,0,0,0,0,0,0,1,0,0,29,3,20,277,14
2022/5/9,1,0,0,0,0,0,0,0,0,668,18,10,289,30
2022/5/10,0,1,0,0,0,0,0,0,0,618,13,11,289,25
2022/5/11,0,0,1,0,0,0,0,0,0,805,12,12,280,21
2022/5/12,0,0,0,1,0,0,0,0,0,678,17,18,285,30
2022/5/13,0,0,0,0,1,0,0,0,0,685,11,16,279,27
2022/5/14,0,0,0,0,0,1,0,0,0,337,1,15,269,10
2022/5/15,0,0,0,0,0,0,1,0,0,17,1,5,269,6
2022/5/16,1,0,0,0,0,0,0,0,0,613,13,14,277,30
2022/5/17,0,1,0,0,0,0,0,0,0,576,16,9,273,25
2022/5/18,0,0,1,0,0,0,0,0,0,689,20,11,268,21
2022/5/19,0,0,0,1,0,0,0,0,0,530,19,10,271,22
2022/5/20,0,0,0,0,1,0,0,0,0,641,12,16,265,21
2022/5/21,0,0,0,0,0,1,0,0,0,244,7,20,263,25
2022/5/22,0,0,0,0,0,0,1,0,0,29,3,13,266,14
2022/5/23,1,0,0,0,0,0,0,0,0,656,15,13,264,23
2022/5/24,0,1,0,0,0,0,0,0,0,572,15,11,260,20
2022/5/25,0,0,1,0,0,0,0,0,0,691,14,10,259,25
2022/5/26,0,0,0,1,0,0,0,0,0,536,16,15,259,26
2022/5/27,0,0,0,0,1,0,0,0,0,585,6,18,249,19
2022/5/28,0,0,0,0,0,1,0,0,0,194,2,19,240,9
2022/5/29,0,0,0,0,0,0,1,0,0,22,2,15,238,9
2022/5/30,1,0,0,0,0,0,0,0,0,607,14,14,248,42
2022/5/31,0,1,0,0,0,0,0,0,0,524,20,15,241,22
2022/6/1,0,0,1,0,0,0,0,0,0,642,14,15,238,28
2022/6/2,0,0,0,1,0,0,0,0,0,495,18,13,244,27
2022/6/3,0,0,0,0,1,0,0,0,0,632,23,11,237,27
2022/6/4,0,0,0,0,0,1,0,0,0,208,6,16,227,14
2022/6/5,0,0,0,0,0,0,1,0,0,30,6,12,225,14
2022/6/6,1,0,0,0,0,0,0,0,0,676,20,14,239,31
2022/6/7,0,1,0,0,0,0,0,0,0,601,9,17,243,22
2022/6/8,0,0,1,0,0,0,0,0,0,745,13,14,248,24
2022/6/9,0,0,0,1,0,0,0,0,0,535,18,10,248,19
2022/6/10,0,0,0,0,1,0,0,0,0,738,15,15,245,16
2022/6/11,0,0,0,0,0,1,0,0,0,381,6,21,239,14
2022/6/12,0,0,0,0,0,0,1,0,0,32,3,11,242,13
2022/6/13,1,0,0,0,0,0,0,0,0,649,14,22,255,34
2022/6/14,0,1,0,0,0,0,0,0,0,582,28,17,268,32
2022/6/15,0,0,1,0,0,0,0,0,0,688,14,12,268,25
2022/6/16,0,0,0,1,0,0,0,0,0,514,18,11,268,29
2022/6/17,0,0,0,0,1,0,0,0,0,575,16,16,253,25
2022/6/18,0,0,0,0,0,1,0,0,0,218,6,12,250,14
2022/6/19,0,0,0,0,0,0,1,0,0,33,1,17,248,14
2022/6/20,1,0,0,0,0,0,0,0,0,659,23,20,262,37
2022/6/21,0,1,0,0,0,0,0,0,0,592,12,10,266,29
2022/6/22,0,0,1,0,0,0,0,0,0,765,22,18,266,26
2022/6/23,0,0,0,1,0,0,0,0,0,567,22,21,266,31
2022/6/24,0,0,0,0,1,0,0,0,0,576,11,10,264,26
2022/6/25,0,0,0,0,0,1,0,0,0,205,5,26,253,12
2022/6/26,0,0,0,0,0,0,1,0,0,40,5,18,260,20
2022/6/27,1,0,0,0,0,0,0,0,0,634,23,15,262,21
2022/6/28,0,1,0,0,0,0,0,0,0,544,21,21,265,32
2022/6/29,0,0,1,0,0,0,0,0,0,637,13,10,265,32
2022/6/30,0,0,0,1,0,0,0,0,0,480,16,11,247,18
2022/7/1,0,0,0,0,1,0,0,0,0,595,13,22,252,28
2022/7/2,0,0,0,0,0,1,0,0,0,228,6,25,254,18
2022/7/3,0,0,0,0,0,0,1,0,0,47,4,27,265,20
2022/7/4,1,0,0,0,0,0,0,0,0,753,18,20,275,37
2022/7/5,0,1,0,0,0,0,0,0,0,653,18,23,276,27
2022/7/6,0,0,1,0,0,0,0,0,0,761,16,26,277,33
2022/7/7,0,0,0,1,0,0,0,0,0,638,19,20,271,29
2022/7/8,0,0,0,0,1,0,0,0,0,749,12,20,264,23
2022/7/9,0,0,0,0,0,1,0,0,0,200,1,25,257,12
2022/7/10,0,0,0,0,0,0,1,0,0,38,4,18,264,16
2022/7/11,1,0,0,0,0,0,0,0,0,801,20,18,263,31
2022/7/12,0,1,0,0,0,0,0,0,0,648,16,14,266,20
2022/7/13,0,0,1,0,0,0,0,0,0,778,22,22,270,32
2022/7/14,0,0,0,1,0,0,0,0,0,612,19,16,282,35
2022/7/15,0,0,0,0,1,0,0,0,1,685,16,16,274,26
2022/7/16,0,0,0,0,0,1,0,1,0,230,8,5,255,10
2022/7/17,0,0,0,0,0,0,1,0,0,19,2,3,248,1
2022/7/18,1,0,0,0,0,0,0,0,0,96,3,9,251,6
2022/7/19,0,1,0,0,0,0,0,0,0,678,23,9,265,33
2022/7/20,0,0,1,0,0,0,0,0,0,776,18,19,270,31
2022/7/21,0,0,0,1,0,0,0,0,0,594,20,12,271,22
2022/7/22,0,0,0,0,1,0,0,0,0,639,16,8,267,23
2022/7/23,0,0,0,0,0,1,0,0,0,192,2,11,261,11
2022/7/24,0,0,0,0,0,0,1,0,0,29,1,12,267,14
2022/7/25,1,0,0,0,0,0,0,0,0,757,18,12,276,32
2022/7/26,0,1,0,0,0,0,0,0,0,627,21,22,282,25
2022/7/27,0,0,1,0,0,0,0,0,0,777,14,18,267,20
2022/7/28,0,0,0,1,0,0,0,0,0,555,12,22,267,25
2022/7/29,0,0,0,0,1,0,0,0,0,689,13,19,260,26
2022/7/30,0,0,0,0,0,1,0,0,0,210,4,21,250,17
2022/7/31,0,0,0,0,0,0,1,0,0,38,1,27,253,9
2022/8/1,1,0,0,0,0,0,0,0,0,655,25,26,267,38
2022/8/2,0,1,0,0,0,0,0,0,0,583,20,23,279,28
2022/8/3,0,0,1,0,0,0,0,0,0,726,16,16,279,25
2022/8/4,0,0,0,1,0,0,0,0,0,616,14,6,273,21
2022/8/5,0,0,0,0,1,0,0,0,0,712,9,14,263,22
2022/8/6,0,0,0,0,0,1,0,0,0,238,8,9,254,10
2022/8/7,0,0,0,0,0,0,1,0,0,28,3,8,260,13
2022/8/8,1,0,0,0,0,0,0,0,0,682,18,18,261,35
2022/8/9,0,1,0,0,0,0,0,0,0,624,16,10,261,23
2022/8/10,0,0,1,0,0,0,0,0,1,683,24,17,250,19
2022/8/11,0,0,0,1,0,0,0,1,0,79,3,9,242,7
2022/8/12,0,0,0,0,1,0,0,0,0,739,14,3,239,18
2022/8/13,0,0,0,0,0,1,0,0,0,195,3,3,229,7
2022/8/14,0,0,0,0,0,0,1,0,0,13,0,5,226,6
2022/8/15,1,0,0,0,0,0,0,0,0,586,19,4,228,16
2022/8/16,0,1,0,0,0,0,0,0,0,616,16,9,232,23
2022/8/17,0,0,1,0,0,0,0,0,0,757,10,5,223,11
2022/8/18,0,0,0,1,0,0,0,0,0,616,17,7,219,18
2022/8/19,0,0,0,0,1,0,0,0,0,860,8,10,205,11
2022/8/20,0,0,0,0,0,1,0,0,0,278,7,10,196,8
2022/8/21,0,0,0,0,0,0,1,0,0,14,0,5,196,7
2022/8/22,1,0,0,0,0,0,0,0,0,649,20,11,213,32
2022/8/23,0,1,0,0,0,0,0,0,0,561,21,17,219,21
2022/8/24,0,0,1,0,0,0,0,0,0,674,11,23,218,26
2022/8/25,0,0,0,1,0,0,0,0,0,574,15,16,226,34
2022/8/26,0,0,0,0,1,0,0,0,0,815,15,13,206,10
2022/8/27,0,0,0,0,0,1,0,0,0,208,2,15,202,12
2022/8/28,0,0,0,0,0,0,1,0,0,33,1,21,210,18
2022/8/29,1,0,0,0,0,0,0,0,0,680,20,17,224,32
2022/8/30,0,1,0,0,0,0,0,0,0,630,17,20,238,30
2022/8/31,0,0,1,0,0,0,0,0,0,695,16,16,249,24
2022/9/1,0,0,0,1,0,0,0,0,0,564,13,21,259,35
2022/9/2,0,0,0,0,1,0,0,0,0,781,16,15,245,17
2022/9/3,0,0,0,0,0,1,0,0,0,200,5,8,236,7
2022/9/4,0,0,0,0,0,0,1,0,0,23,3,11,241,14
2022/9/5,1,0,0,0,0,0,0,0,0,703,19,21,256,35
2022/9/6,0,1,0,0,0,0,0,0,0,601,18,9,255,16
2022/9/7,0,0,1,0,0,0,0,0,0,775,14,14,256,25
2022/9/8,0,0,0,1,0,0,0,0,0,585,19,14,251,19
2022/9/9,0,0,0,0,1,0,0,0,0,650,9,24,241,21
2022/9/10,0,0,0,0,0,1,0,0,0,205,4,17,238,14
2022/9/11,0,0,0,0,0,0,1,0,0,21,1,10,242,13
2022/9/12,1,0,0,0,0,0,0,0,0,705,15,15,260,30
2022/9/13,0,1,0,0,0,0,0,0,0,611,20,9,260,22
2022/9/14,0,0,1,0,0,0,0,0,0,756,17,21,261,30
2022/9/15,0,0,0,1,0,0,0,0,0,611,27,16,274,29
2022/9/16,0,0,0,0,1,0,0,0,1,727,12,12,270,22
2022/9/17,0,0,0,0,0,1,0,1,0,257,13,14,258,14
2022/9/18,0,0,0,0,0,0,1,0,0,21,0,13,250,8
2022/9/19,1,0,0,0,0,0,0,0,0,101,0,15,259,19
2022/9/20,0,1,0,0,0,0,0,0,0,600,23,6,253,17
2022/9/21,0,0,1,0,0,0,0,0,0,784,23,9,256,27
2022/9/22,0,0,0,1,0,0,0,0,1,538,22,14,256,26
2022/9/23,0,0,0,0,1,0,0,1,0,117,0,14,243,13
2022/9/24,0,0,0,0,0,1,0,0,0,169,0,11,235,9
2022/9/25,0,0,0,0,0,0,1,0,0,38,6,25,237,18
2022/9/26,1,0,0,0,0,0,0,0,0,702,14,12,259,37
2022/9/27,0,1,0,0,0,0,0,0,0,635,23,12,263,28
2022/9/28,0,0,1,0,0,0,0,0,0,760,22,16,262,31
2022/9/29,0,0,0,1,0,0,0,0,0,624,23,15,264,30
2022/9/30,0,0,0,0,1,0,0,0,0,765,16,10,252,23
2022/10/1,0,0,0,0,0,1,0,0,0,233,6,11,254,15
2022/10/2,0,0,0,0,0,0,1,0,0,15,0,5,252,9
2022/10/3,1,0,0,0,0,0,0,0,0,734,20,9,269,32
2022/10/4,0,1,0,0,0,0,0,0,0,625,19,3,271,19
2022/10/5,0,0,1,0,0,0,0,0,0,757,17,16,269,25
2022/10/6,0,0,0,1,0,0,0,0,0,594,10,13,265,25
2022/10/7,0,0,0,0,1,0,0,0,1,723,14,9,255,19
2022/10/8,0,0,0,0,0,1,0,1,0,183,3,14,255,16
2022/10/9,0,0,0,0,0,0,1,0,0,16,1,7,251,8
2022/10/10,1,0,0,0,0,0,0,0,0,99,3,9,256,12
2022/10/11,0,1,0,0,0,0,0,0,0,668,16,10,258,20
2022/10/12,0,0,1,0,0,0,0,0,0,775,18,25,266,28
2022/10/13,0,0,0,1,0,0,0,0,0,625,22,7,285,33
2022/10/14,0,0,0,0,1,0,0,0,0,704,19,15,278,24
2022/10/15,0,0,0,0,0,1,0,0,0,277,8,15,278,16
2022/10/16,0,0,0,0,0,0,1,0,0,21,1,9,275,13
2022/10/17,1,0,0,0,0,0,0,0,0,641,15,15,283,33
2022/10/18,0,1,0,0,0,0,0,0,0,599,18,15,286,32
2022/10/19,0,0,1,0,0,0,0,0,0,711,21,20,281,28
2022/10/20,0,0,0,1,0,0,0,0,0,564,15,16,289,29
2022/10/21,0,0,0,0,1,0,0,0,0,600,17,13,274,16
2022/10/22,0,0,0,0,0,1,0,0,0,223,4,11,267,14
2022/10/23,0,0,0,0,0,0,1,0,0,23,3,12,270,16
2022/10/24,1,0,0,0,0,0,0,0,0,814,18,8,285,30
2022/10/25,0,1,0,0,0,0,0,0,0,763,13,10,287,22
2022/10/26,0,0,1,0,0,0,0,0,0,889,21,19,284,27
2022/10/27,0,0,0,1,0,0,0,0,0,577,10,13,279,23
2022/10/28,0,0,0,0,1,0,0,0,0,637,10,11,261,18
2022/10/29,0,0,0,0,0,1,0,0,0,246,4,14,251,12
2022/10/30,0,0,0,0,0,0,1,0,0,27,0,16,260,16
2022/10/31,1,0,0,0,0,0,0,0,0,658,19,20,269,32
2022/11/1,0,1,0,0,0,0,0,0,0,620,17,18,290,33
2022/11/2,0,0,1,0,0,0,0,0,1,744,19,17,285,22
2022/11/3,0,0,0,1,0,0,0,1,0,60,0,10,276,6
2022/11/4,0,0,0,0,1,0,0,0,0,690,15,16,286,25
2022/11/5,0,0,0,0,0,1,0,0,0,244,4,18,283,15
2022/11/6,0,0,0,0,0,0,1,0,0,21,1,13,284,13
2022/11/7,1,0,0,0,0,0,0,0,0,691,34,16,278,27
2022/11/8,0,1,0,0,0,0,0,0,0,637,8,16,278,27
2022/11/9,0,0,1,0,0,0,0,0,0,787,15,20,278,28
2022/11/10,0,0,0,1,0,0,0,0,0,674,18,14,288,33
2022/11/11,0,0,0,0,1,0,0,0,0,634,12,16,273,15
2022/11/12,0,0,0,0,0,1,0,0,0,212,4,21,268,14
2022/11/13,0,0,0,0,0,0,1,0,0,39,2,15,277,20
2022/11/14,1,0,0,0,0,0,0,0,0,686,20,14,278,28
2022/11/15,0,1,0,0,0,0,0,0,0,793,9,17,283,26
2022/11/16,0,0,1,0,0,0,0,0,0,1020,14,14,281,32
2022/11/17,0,0,0,1,0,0,0,0,0,571,10,13,281,26
2022/11/18,0,0,0,0,1,0,0,0,0,640,17,14,269,22
2022/11/19,0,0,0,0,0,1,0,0,0,276,4,8,260,8
2022/11/20,0,0,0,0,0,0,1,0,0,27,4,17,264,14
2022/11/21,1,0,0,0,0,0,0,0,0,645,7,6,269,26
2022/11/22,0,1,0,0,0,0,0,0,1,629,11,9,258,12
2022/11/23,0,0,1,0,0,0,0,1,0,99,3,8,255,8
2022/11/24,0,0,0,1,0,0,0,0,0,632,16,9,264,30
2022/11/25,0,0,0,0,1,0,0,0,0,666,12,21,261,18
2022/11/26,0,0,0,0,0,1,0,0,0,210,0,8,252,8
2022/11/27,0,0,0,0,0,0,1,0,0,23,0,9,253,10
2022/11/28,1,0,0,0,0,0,0,0,0,711,23,14,260,24
2022/11/29,0,1,0,0,0,0,0,0,0,596,18,11,260,26
2022/11/30,0,0,1,0,0,0,0,0,0,791,14,19,246,16
2022/12/1,0,0,0,1,0,0,0,0,0,474,12,11,244,24
2022/12/2,0,0,0,0,1,0,0,0,0,644,13,12,242,14
2022/12/3,0,0,0,0,0,1,0,0,0,217,3,19,250,15
2022/12/4,0,0,0,0,0,0,1,0,0,23,1,11,254,14
2022/12/5,1,0,0,0,0,0,0,0,0,698,26,16,261,27
2022/12/6,0,1,0,0,0,0,0,0,0,700,14,16,268,31
2022/12/7,0,0,1,0,0,0,0,0,0,764,25,17,262,25
2022/12/8,0,0,0,1,0,0,0,0,0,613,18,9,267,25
2022/12/9,0,0,0,0,1,0,0,0,0,671,21,17,266,22
2022/12/10,0,0,0,0,0,1,0,0,0,206,1,8,256,5
2022/12/11,0,0,0,0,0,0,1,0,0,26,2,17,264,15
2022/12/12,1,0,0,0,0,0,0,0,0,659,13,12,276,34
2022/12/13,0,1,0,0,0,0,0,0,0,586,16,11,277,28
2022/12/14,0,0,1,0,0,0,0,0,0,759,27,18,282,25
2022/12/15,0,0,0,1,0,0,0,0,0,515,14,11,289,25
2022/12/16,0,0,0,0,1,0,0,0,0,626,15,11,278,19
2022/12/17,0,0,0,0,0,1,0,0,0,213,4,11,262,3
2022/12/18,0,0,0,0,0,0,1,0,0,23,0,10,259,9
2022/12/19,1,0,0,0,0,0,0,0,0,660,16,13,280,38
2022/12/20,0,1,0,0,0,0,0,0,0,588,12,10,279,19
2022/12/21,0,0,1,0,0,0,0,0,0,730,11,12,272,24
2022/12/22,0,0,0,1,0,0,0,0,0,583,17,21,274,27
2022/12/23,0,0,0,0,1,0,0,0,0,713,10,21,273,21
2022/12/24,0,0,0,0,0,1,0,0,0,239,4,13,265,11
2022/12/25,0,0,0,0,0,0,1,0,0,26,0,15,263,2
2022/12/26,1,0,0,0,0,0,0,0,0,704,13,15,265,28
2022/12/27,0,1,0,0,0,0,0,0,0,606,16,9,258,24
2022/12/28,0,0,1,0,0,0,0,0,0,675,13,23,252,25
2022/12/29,0,0,0,1,0,0,0,0,0,491,18,12,246,14
2022/12/30,0,0,0,0,1,0,0,0,1,326,5,17,237,17
2022/12/31,0,0,0,0,0,1,0,1,0,134,1,25,235,17
2023/1/1,0,0,0,0,0,0,1,0,0,60,2,23,241,13
2023/1/2,1,0,0,0,0,0,0,0,0,109,1,14,247,14
2023/1/3,0,1,0,0,0,0,0,0,0,83,3,18,257,15
2023/1/4,0,0,1,0,0,0,0,0,0,662,17,21,276,28
2023/1/5,0,0,0,1,0,0,0,0,0,551,15,14,280,24
2023/1/6,0,0,0,0,1,0,0,0,1,686,13,12,273,21
2023/1/7,0,0,0,0,0,1,0,1,0,233,5,13,275,14
2023/1/8,0,0,0,0,0,0,1,0,0,25,1,12,280,11
2023/1/9,1,0,0,0,0,0,0,0,0,111,1,16,288,20
2023/1/10,0,1,0,0,0,0,0,0,0,655,14,6,291,22
2023/1/11,0,0,1,0,0,0,0,0,0,773,21,10,290,23
2023/1/12,0,0,0,1,0,0,0,0,0,589,18,14,298,27
2023/1/13,0,0,0,0,1,0,0,0,0,877,17,16,287,20
2023/1/14,0,0,0,0,0,1,0,0,0,207,4,16,274,15
2023/1/15,0,0,0,0,0,0,1,0,0,23,0,15,275,12
2023/1/16,1,0,0,0,0,0,0,0,0,723,7,17,285,33
2023/1/17,0,1,0,0,0,0,0,0,0,604,12,15,283,29
2023/1/18,0,0,1,0,0,0,0,0,0,758,22,12,281,25
2023/1/19,0,0,0,1,0,0,0,0,0,539,17,5,279,24
2023/1/20,0,0,0,0,1,0,0,0,0,867,15,12,273,21
2023/1/21,0,0,0,0,0,1,0,0,0,240,6,9,268,13
2023/1/22,0,0,0,0,0,0,1,0,0,35,1,19,267,12
2023/1/23,1,0,0,0,0,0,0,0,0,642,26,14,272,26
2023/1/24,0,1,0,0,0,0,0,0,0,585,16,14,284,26
2023/1/25,0,0,1,0,0,0,0,0,0,652,10,8,280,22
2023/1/26,0,0,0,1,0,0,0,0,0,533,20,11,289,25
2023/1/27,0,0,0,0,1,0,0,0,0,751,17,13,287,24
2023/1/28,0,0,0,0,0,1,0,0,0,203,3,10,277,13
2023/1/29,0,0,0,0,0,0,1,0,0,33,3,14,279,16
2023/1/30,1,0,0,0,0,0,0,0,0,590,15,6,282,29
2023/1/31,0,1,0,0,0,0,0,0,0,472,11,14,274,20
2023/2/1,0,0,1,0,0,0,0,0,0,654,16,9,282,30
2023/2/2,0,0,0,1,0,0,0,0,0,488,12,12,291,30
2023/2/3,0,0,0,0,1,0,0,0,0,605,11,12,279,18
2023/2/4,0,0,0,0,0,1,0,0,0,245,3,13,262,8
2023/2/5,0,0,0,0,0,0,1,0,0,34,1,14,261,12
2023/2/6,1,0,0,0,0,0,0,0,0,588,23,8,265,25
2023/2/7,0,1,0,0,0,0,0,0,0,609,18,15,267,31
2023/2/8,0,0,1,0,0,0,0,0,0,739,14,13,271,31
2023/2/9,0,0,0,1,0,0,0,0,0,541,11,17,275,28
2023/2/10,0,0,0,0,1,0,0,0,1,638,17,16,260,20
2023/2/11,0,0,0,0,0,1,0,1,0,89,0,9,255,9
2023/2/12,0,0,0,0,0,0,1,0,0,22,0,10,254,6
2023/2/13,1,0,0,0,0,0,0,0,0,696,22,10,257,30
2023/2/14,0,1,0,0,0,0,0,0,0,593,13,14,256,20
2023/2/15,0,0,1,0,0,0,0,0,0,725,26,17,277,41
2023/2/16,0,0,0,1,0,0,0,0,0,624,19,15,285,31
2023/2/17,0,0,0,0,1,0,0,0,0,707,9,19,268,19
2023/2/18,0,0,0,0,0,1,0,0,0,238,1,17,262,15
2023/2/19,0,0,0,0,0,0,1,0,0,28,2,14,264,14
2023/2/20,1,0,0,0,0,0,0,0,0,597,21,15,263,28
2023/2/21,0,1,0,0,0,0,0,0,0,583,19,12,258,20
2023/2/22,0,0,1,0,0,0,0,0,1,747,22,13,256,22
2023/2/23,0,0,0,1,0,0,0,1,0,71,1,10,246,7
2023/2/24,0,0,0,0,1,0,0,0,0,573,6,11,244,18
2023/2/25,0,0,0,0,0,1,0,0,0,178,1,14,239,12
2023/2/26,0,0,0,0,0,0,1,0,0,22,1,12,248,16
2023/2/27,1,0,0,0,0,0,0,0,0,587,19,13,252,21
2023/2/28,0,1,0,0,0,0,0,0,0,586,17,13,251,24
2023/3/1,0,0,1,0,0,0,0,0,0,688,29,19,278,40
2023/3/2,0,0,0,1,0,0,0,0,0,613,10,16,274,23
2023/3/3,0,0,0,0,1,0,0,0,0,590,13,11,267,27
2023/3/4,0,0,0,0,0,1,0,0,0,218,6,10,248,5
2023/3/5,0,0,0,0,0,0,1,0,0,18,4,10,252,13
2023/3/6,1,0,0,0,0,0,0,0,0,675,26,12,267,37
2023/3/7,0,1,0,0,0,0,0,0,0,600,16,12,265,23
2023/3/8,0,0,1,0,0,0,0,0,0,728,20,15,277,27
2023/3/9,0,0,0,1,0,0,0,0,0,556,17,9,267,18
2023/3/10,0,0,0,0,1,0,0,0,0,668,13,12,257,22
2023/3/11,0,0,0,0,0,1,0,0,0,177,4,19,246,18
2023/3/12,0,0,0,0,0,0,1,0,0,15,1,8,250,9
2023/3/13,1,0,0,0,0,0,0,0,0,714,19,11,263,31
2023/3/14,0,1,0,0,0,0,0,0,0,686,18,19,256,23
2023/3/15,0,0,1,0,0,0,0,0,0,789,25,20,251,26
2023/3/16,0,0,0,1,0,0,0,0,0,566,16,16,257,32
2023/3/17,0,0,0,0,1,0,0,0,0,732,16,12,254,23
2023/3/18,0,0,0,0,0,1,0,0,0,230,3,17,247,18
2023/3/19,0,0,0,0,0,0,1,0,0,21,2,10,251,13
2023/3/20,1,0,0,0,0,0,0,0,1,689,16,14,236,19
2023/3/21,0,1,0,0,0,0,0,1,0,69,6,21,242,20
2023/3/22,0,0,1,0,0,0,0,0,0,731,23,13,253,34
2023/3/23,0,0,0,1,0,0,0,0,0,574,19,12,263,30
2023/3/24,0,0,0,0,1,0,0,0,0,556,18,15,260,19
2023/3/25,0,0,0,0,0,1,0,0,0,187,5,10,247,10
2023/3/26,0,0,0,0,0,0,1,0,0,30,5,11,248,17
2023/3/27,1,0,0,0,0,0,0,0,0,609,25,14,251,34
2023/3/28,0,1,0,0,0,0,0,0,0,647,15,15,246,18
2023/3/29,0,0,1,0,0,0,0,0,0,726,23,16,244,24
2023/3/30,0,0,0,1,0,0,0,0,0,512,11,14,246,26
2023/3/31,0,0,0,0,1,0,0,0,0,586,15,13,238,16
2023/4/1,0,0,0,0,0,1,0,0,0,188,3,13,237,8
2023/4/2,0,0,0,0,0,0,1,0,0,29,5,14,234,13
2023/4/3,1,0,0,0,0,0,0,0,0,589,38,13,242,29
2023/4/4,0,1,0,0,0,0,0,0,0,616,28,20,253,24
2023/4/5,0,0,1,0,0,0,0,0,0,704,35,12,257,33
2023/4/6,0,0,0,1,0,0,0,0,0,557,22,11,260,24
2023/4/7,0,0,0,0,1,0,0,0,0,706,21,13,254,30
2023/4/8,0,0,0,0,0,1,0,0,0,169,4,9,252,20
2023/4/9,0,0,0,0,0,0,1,0,0,21,1,10,257,10
2023/4/10,1,0,0,0,0,0,0,0,0,681,35,13,255,30
2023/4/11,0,1,0,0,0,0,0,0,0,701,22,13,261,31
2023/4/12,0,0,1,0,0,0,0,0,0,710,27,14,264,27
2023/4/13,0,0,0,1,0,0,0,0,0,584,20,12,262,23
2023/4/14,0,0,0,0,1,0,0,0,0,694,28,16,262,30
2023/4/15,0,0,0,0,0,1,0,0,0,261,0,15,263,15
2023/4/16,0,0,0,0,0,0,1,0,0,26,1,12,270,15
2023/4/17,1,0,0,0,0,0,0,0,0,692,25,6,271,23
2023/4/18,0,1,0,0,0,0,0,0,0,680,18,9,278,27
2023/4/19,0,0,1,0,0,0,0,0,0,718,27,14,274,29
2023/4/20,0,0,0,1,0,0,0,0,0,492,18,13,280,29
2023/4/21,0,0,0,0,1,0,0,0,0,655,22,10,271,27
2023/4/22,0,0,0,0,0,1,0,0,0,208,4,12,269,16
2023/4/23,0,0,0,0,0,0,1,0,0,25,5,11,277,15
2023/4/24,1,0,0,0,0,0,0,0,0,696,27,12,273,29
2023/4/25,0,1,0,0,0,0,0,0,0,675,26,9,265,25
2023/4/26,0,0,1,0,0,0,0,0,0,775,28,14,269,24
2023/4/27,0,0,0,1,0,0,0,0,0,597,19,13,268,29
2023/4/28,0,0,0,0,1,0,0,0,1,638,24,20,264,30
2023/4/29,0,0,0,0,0,1,0,1,0,81,1,14,254,13
2023/4/30,0,0,0,0,0,0,1,0,0,36,4,20,252,15
2023/5/1,1,0,0,0,0,0,0,0,0,726,40,17,269,46
2023/5/2,0,1,0,0,0,0,0,0,1,668,28,17,267,26
2023/5/3,0,0,1,0,0,0,0,1,0,128,2,18,258,9
2023/5/4,0,0,0,1,0,0,0,0,0,111,8,32,263,23
2023/5/5,0,0,0,0,1,0,0,0,0,118,3,19,263,15
2023/5/6,0,0,0,0,0,1,0,0,0,219,8,20,265,17
2023/5/7,0,0,0,0,0,0,1,0,0,33,4,14,269,14
2023/5/8,1,0,0,0,0,0,0,0,0,767,31,9,289,37
2023/5/9,0,1,0,0,0,0,0,0,0,691,22,7,283,26
2023/5/10,0,0,1,0,0,0,0,0,0,766,25,18,297,32
2023/5/11,0,0,0,1,0,0,0,0,0,643,35,15,298,30
2023/5/12,0,0,0,0,1,0,0,0,0,697,15,7,293,21
2023/5/13,0,0,0,0,0,1,0,0,0,202,3,12,286,18
2023/5/14,0,0,0,0,0,0,1,0,0,30,9,13,289,20
2023/5/15,1,0,0,0,0,0,0,0,0,710,24,13,298,31
2023/5/16,0,1,0,0,0,0,0,0,0,657,23,9,292,26
2023/5/17,0,0,1,0,0,0,0,0,0,724,20,14,287,24
2023/5/18,0,0,0,1,0,0,0,0,0,502,20,15,295,31
2023/5/19,0,0,0,0,1,0,0,0,0,711,15,11,280,19
2023/5/20,0,0,0,0,0,1,0,0,0,244,2,16,274,15
2023/5/21,0,0,0,0,0,0,1,0,0,27,3,16,277,18
2023/5/22,1,0,0,0,0,0,0,0,0,660,31,11,278,28
2023/5/23,0,1,0,0,0,0,0,0,0,637,38,11,275,28
2023/5/24,0,0,1,0,0,0,0,0,0,688,22,9,291,29
2023/5/25,0,0,0,1,0,0,0,0,0,513,27,4,289,24
2023/5/26,0,0,0,0,1,0,0,0,0,664,18,6,274,21
2023/5/27,0,0,0,0,0,1,0,0,0,194,3,12,262,10
2023/5/28,0,0,0,0,0,0,1,0,0,89,2,20,277,22
2023/5/29,1,0,0,0,0,0,0,0,0,644,26,16,287,31
2023/5/30,0,1,0,0,0,0,0,0,0,664,24,15,280,30
2023/5/31,0,0,1,0,0,0,0,0,0,652,25,16,267,15
2023/6/1,0,0,0,1,0,0,0,0,0,542,26,12,272,28
2023/6/2,0,0,0,0,1,0,0,0,0,585,19,16,269,22
2023/6/3,0,0,0,0,0,1,0,0,0,169,8,13,264,23
2023/6/4,0,0,0,0,0,0,1,0,0,26,2,10,271,12
2023/6/5,1,0,0,0,0,0,0,0,0,719,18,19,289,37
2023/6/6,0,1,0,0,0,0,0,0,0,724,27,18,295,29
2023/6/7,0,0,1,0,0,0,0,0,0,761,29,14,289,27
2023/6/8,0,0,0,1,0,0,0,0,0,551,28,9,297,28
2023/6/9,0,0,0,0,1,0,0,0,0,668,16,11,283,14
2023/6/10,0,0,0,0,0,1,0,0,0,217,5,18,276,19
2023/6/11,0,0,0,0,0,0,1,0,0,30,3,11,280,13
2023/6/12,1,0,0,0,0,0,0,0,0,720,22,14,282,36
2023/6/13,0,1,0,0,0,0,0,0,0,701,31,16,289,34
2023/6/14,0,0,1,0,0,0,0,0,0,677,26,15,291,36
2023/6/15,0,0,0,1,0,0,0,0,0,524,23,14,294,30
2023/6/16,0,0,0,0,1,0,0,0,0,706,18,24,275,19
2023/6/17,0,0,0,0,0,1,0,0,0,244,4,17,272,15
2023/6/18,0,0,0,0,0,0,1,0,0,24,2,9,278,12
2023/6/19,1,0,0,0,0,0,0,0,0,683,34,12,284,33
2023/6/20,0,1,0,0,0,0,0,0,0,689,20,17,292,34
2023/6/21,0,0,1,0,0,0,0,0,0,730,21,15,285,22
2023/6/22,0,0,0,1,0,0,0,0,0,533,24,12,294,28
2023/6/23,0,0,0,0,1,0,0,0,0,697,13,15,279,22
2023/6/24,0,0,0,0,0,1,0,0,0,187,7,20,260,14
2023/6/25,0,0,0,0,0,0,1,0,0,27,2,12,261,13
2023/6/26,1,0,0,0,0,0,0,0,0,631,21,19,259,27
2023/6/27,0,1,0,0,0,0,0,0,0,654,24,10,276,35
2023/6/28,0,0,1,0,0,0,0,0,0,683,30,23,255,26
2023/6/29,0,0,0,1,0,0,0,0,0,494,35,15,264,33
2023/6/30,0,0,0,0,1,0,0,0,0,580,18,16,254,27
2023/7/1,0,0,0,0,0,1,0,0,0,207,3,18,245,10
2023/7/2,0,0,0,0,0,0,1,0,0,29,4,12,245,11
2023/7/3,1,0,0,0,0,0,0,0,0,745,26,16,271,44
2023/7/4,0,1,0,0,0,0,0,0,0,785,24,14,288,35
2023/7/5,0,0,1,0,0,0,0,0,0,760,35,17,286,32
2023/7/6,0,0,0,1,0,0,0,0,0,659,26,10,283,28
2023/7/7,0,0,0,0,1,0,0,0,0,747,22,11,269,19
2023/7/8,0,0,0,0,0,1,0,0,0,213,7,17,267,19
2023/7/9,0,0,0,0,0,0,1,0,0,36,4,19,273,21
2023/7/10,1,0,0,0,0,0,0,0,0,794,21,13,282,31
2023/7/11,0,1,0,0,0,0,0,0,0,748,30,12,295,34
2023/7/12,0,0,1,0,0,0,0,0,0,699,27,16,284,19
2023/7/13,0,0,0,1,0,0,0,0,0,626,26,18,280,29
2023/7/14,0,0,0,0,1,0,0,0,1,906,14,18,265,18
2023/7/15,0,0,0,0,0,1,0,1,0,242,7,17,256,14
2023/7/16,0,0,0,0,0,0,1,0,0,42,1,17,255,11
2023/7/17,1,0,0,0,0,0,0,0,0,125,5,19,274,28
2023/7/18,0,1,0,0,0,0,0,0,0,703,27,14,286,39
2023/7/19,0,0,1,0,0,0,0,0,0,795,21,14,292,30
2023/7/20,0,0,0,1,0,0,0,0,0,610,21,17,298,32
2023/7/21,0,0,0,0,1,0,0,0,0,696,29,14,279,19
2023/7/22,0,0,0,0,0,1,0,0,0,212,3,16,270,12
2023/7/23,0,0,0,0,0,0,1,0,0,39,1,20,268,17
2023/7/24,1,0,0,0,0,0,0,0,0,751,25,15,278,35
2023/7/25,0,1,0,0,0,0,0,0,0,724,20,20,290,42
2023/7/26,0,0,1,0,0,0,0,0,0,727,28,20,278,17
2023/7/27,0,0,0,1,0,0,0,0,0,559,22,26,294,40
2023/7/28,0,0,0,0,1,0,0,0,0,708,18,15,292,30
2023/7/29,0,0,0,0,0,1,0,0,0,222,8,19,288,17
2023/7/30,0,0,0,0,0,0,1,0,0,43,1,21,298,14
2023/7/31,1,0,0,0,0,0,0,0,0,699,35,12,290,32
2023/8/1,0,1,0,0,0,0,0,0,0,638,31,14,299,33
2023/8/2,0,0,1,0,0,0,0,0,0,639,23,15,307,32
2023/8/3,0,0,0,1,0,0,0,0,0,534,27,9,304,27
2023/8/4,0,0,0,0,1,0,0,0,0,666,17,10,296,22
2023/8/5,0,0,0,0,0,1,0,0,0,236,6,15,287,13
2023/8/6,0,0,0,0,0,0,1,0,0,26,8,15,294,17
2023/8/7,1,0,0,0,0,0,0,0,0,655,24,18,294,33
2023/8/8,0,1,0,0,0,0,0,0,0,695,24,13,295,33
2023/8/9,0,0,1,0,0,0,0,0,0,762,26,19,302,33
2023/8/10,0,0,0,1,0,0,0,0,1,600,31,15,294,24
2023/8/11,0,0,0,0,1,0,0,1,0,109,2,11,282,8
2023/8/12,0,0,0,0,0,1,0,0,0,185,4,19,282,15
2023/8/13,0,0,0,0,0,0,1,0,0,47,5,21,294,19
2023/8/14,1,0,0,0,0,0,0,0,0,656,15,9,300,25
2023/8/15,0,1,0,0,0,0,0,0,0,519,11,3,300,20
2023/8/16,0,0,1,0,0,0,0,0,0,744,19,16,295,27
2023/8/17,0,0,0,1,0,0,0,0,0,535,20,20,299,31
2023/8/18,0,0,0,0,1,0,0,0,0,908,18,18,296,27
2023/8/19,0,0,0,0,0,1,0,0,0,249,6,15,283,15
2023/8/20,0,0,0,0,0,0,1,0,0,32,1,16,284,14
2023/8/21,1,0,0,0,0,0,0,0,0,608,27,16,288,27
2023/8/22,0,1,0,0,0,0,0,0,0,640,30,22,293,30
2023/8/23,0,0,1,0,0,0,0,0,0,716,20,15,299,27
2023/8/24,0,0,0,1,0,0,0,0,0,550,32,10,301,24
2023/8/25,0,0,0,0,1,0,0,0,0,756,9,20,283,23
2023/8/26,0,0,0,0,0,1,0,0,0,184,0,19,277,8
2023/8/27,0,0,0,0,0,0,1,0,0,33,3,16,287,20
2023/8/28,1,0,0,0,0,0,0,0,0,758,21,11,291,27
2023/8/29,0,1,0,0,0,0,0,0,0,725,32,10,297,27
2023/8/30,0,0,1,0,0,0,0,0,0,686,21,15,292,23
2023/8/31,0,0,0,1,0,0,0,0,0,592,28,10,287,25
2023/9/1,0,0,0,0,1,0,0,0,0,671,27,9,292,29
2023/9/2,0,0,0,0,0,1,0,0,0,190,4,21,290,14
2023/9/3,0,0,0,0,0,0,1,0,0,34,4,16,296,20
2023/9/4,1,0,0,0,0,0,0,0,0,713,20,11,292,28
2023/9/5,0,1,0,0,0,0,0,0,0,671,33,12,296,30
2023/9/6,0,0,1,0,0,0,0,0,0,718,26,18,301,34
2023/9/7,0,0,0,1,0,0,0,0,0,561,28,16,303,33
2023/9/8,0,0,0,0,1,0,0,0,0,642,21,15,279,17
2023/9/9,0,0,0,0,0,1,0,0,0,172,2,12,274,12
2023/9/10,0,0,0,0,0,0,1,0,0,32,4,20,285,18
2023/9/11,1,0,0,0,0,0,0,0,0,732,37,16,291,38
2023/9/12,0,1,0,0,0,0,0,0,0,577,17,11,303,33
2023/9/13,0,0,1,0,0,0,0,0,0,690,17,6,300,25
2023/9/14,0,0,0,1,0,0,0,0,0,571,35,7,306,34
2023/9/15,0,0,0,0,1,0,0,0,1,664,20,12,285,24
2023/9/16,0,0,0,0,0,1,0,1,0,246,3,20,274,14
2023/9/17,0,0,0,0,0,0,1,0,0,38,3,23,276,13
2023/9/18,1,0,0,0,0,0,0,0,0,107,7,15,290,21
2023/9/19,0,1,0,0,0,0,0,0,0,673,30,6,292,32
2023/9/20,0,0,1,0,0,0,0,0,0,716,21,12,302,34
2023/9/21,0,0,0,1,0,0,0,0,0,609,33,10,298,22
2023/9/22,0,0,0,0,1,0,0,0,0,607,13,11,294,27
2023/9/23,0,0,0,0,0,1,0,0,1,97,5,12,290,19
2023/9/24,0,0,0,0,0,0,1,1,0,28,2,13,291,10
2023/9/25,1,0,0,0,0,0,0,0,0,755,24,10,296,33
2023/9/26,0,1,0,0,0,0,0,0,0,702,31,13,295,29
2023/9/27,0,0,1,0,0,0,0,0,0,733,18,17,294,24
2023/9/28,0,0,0,1,0,0,0,0,0,585,25,13,296,29
2023/9/29,0,0,0,0,1,0,0,0,0,692,15,11,280,17
2023/9/30,0,0,0,0,0,1,0,0,0,176,6,12,270,13
2023/10/1,0,0,0,0,0,0,1,0,0,27,2,12,275,15
2023/10/2,1,0,0,0,0,0,0,0,0,618,25,12,290,32
2023/10/3,0,1,0,0,0,0,0,0,0,646,34,8,300,35
2023/10/4,0,0,1,0,0,0,0,0,0,738,27,15,290,24
2023/10/5,0,0,0,1,0,0,0,0,0,594,32,21,296,32
2023/10/6,0,0,0,0,1,0,0,0,1,636,29,10,288,20
2023/10/7,0,0,0,0,0,1,0,1,0,220,5,8,268,12
2023/10/8,0,0,0,0,0,0,1,0,0,23,2,14,272,13
2023/10/9,1,0,0,0,0,0,0,0,0,112,7,14,285,21
2023/10/10,0,1,0,0,0,0,0,0,0,685,36,13,304,35
2023/10/11,0,0,1,0,0,0,0,0,0,737,27,16,299,33
2023/10/12,0,0,0,1,0,0,0,0,0,533,31,11,299,29
2023/10/13,0,0,0,0,1,0,0,0,0,680,25,11,296,27
2023/10/14,0,0,0,0,0,1,0,0,0,186,5,17,298,17
2023/10/15,0,0,0,0,0,0,1,0,0,18,3,11,299,11
2023/10/16,1,0,0,0,0,0,0,0,0,683,20,6,308,27
2023/10/17,0,1,0,0,0,0,0,0,0,652,23,8,305,25
2023/10/18,0,0,1,0,0,0,0,0,0,675,22,7,299,21
2023/10/19,0,0,0,1,0,0,0,0,0,534,26,11,310,35
2023/10/20,0,0,0,0,1,0,0,0,0,668,23,12,296,20
2023/10/21,0,0,0,0,0,1,0,0,0,225,2,12,286,16
2023/10/22,0,0,0,0,0,0,1,0,0,33,6,12,285,18
2023/10/23,1,0,0,0,0,0,0,0,0,776,23,14,305,38
2023/10/24,0,1,0,0,0,0,0,0,0,804,24,18,306,27
2023/10/25,0,0,1,0,0,0,0,0,0,873,18,8,301,19
2023/10/26,0,0,0,1,0,0,0,0,0,567,11,17,306,30
2023/10/27,0,0,0,0,1,0,0,0,0,755,12,20,285,22
2023/10/28,0,0,0,0,0,1,0,0,0,217,7,17,278,16
2023/10/29,0,0,0,0,0,0,1,0,0,40,5,10,275,13
2023/10/30,1,0,0,0,0,0,0,0,0,695,20,18,285,29
2023/10/31,0,1,0,0,0,0,0,0,0,636,27,12,270,21
2023/11/1,0,0,1,0,0,0,0,0,0,752,16,19,280,30
2023/11/2,0,0,0,1,0,0,0,0,1,626,28,17,277,24
2023/11/3,0,0,0,0,1,0,0,1,0,125,4,15,279,14
2023/11/4,0,0,0,0,0,1,0,0,0,208,3,14,277,11
2023/11/5,0,0,0,0,0,0,1,0,0,27,3,14,280,15
2023/11/6,1,0,0,0,0,0,0,0,0,725,21,6,287,31
2023/11/7,0,1,0,0,0,0,0,0,0,706,26,7,297,30
2023/11/8,0,0,1,0,0,0,0,0,0,780,36,13,302,28
2023/11/9,0,0,0,1,0,0,0,0,0,593,19,7,304,21
2023/11/10,0,0,0,0,1,0,0,0,0,786,25,11,297,24
2023/11/11,0,0,0,0,0,1,0,0,0,209,7,20,284,18
2023/11/12,0,0,0,0,0,0,1,0,0,20,1,10,291,15
2023/11/13,1,0,0,0,0,0,0,0,0,678,14,3,294,26
2023/11/14,0,1,0,0,0,0,0,0,0,820,18,7,298,31
2023/11/15,0,0,1,0,0,0,0,0,0,855,34,18,299,34
2023/11/16,0,0,0,1,0,0,0,0,0,584,19,7,299,26
2023/11/17,0,0,0,0,1,0,0,0,0,753,20,15,282,25
2023/11/18,0,0,0,0,0,1,0,0,0,232,4,14,275,13
2023/11/19,0,0,0,0,0,0,1,0,0,22,1,14,278,12
2023/11/20,1,0,0,0,0,0,0,0,0,753,25,19,294,38
2023/11/21,0,1,0,0,0,0,0,0,0,736,25,22,290,26
2023/11/22,0,0,1,0,0,0,0,0,1,754,24,19,276,25
2023/11/23,0,0,0,1,0,0,0,1,0,93,5,24,272,21
2023/11/24,0,0,0,0,1,0,0,0,0,789,21,16,272,34
2023/11/25,0,0,0,0,0,1,0,0,0,231,7,10,270,12
2023/11/26,0,0,0,0,0,0,1,0,0,36,4,14,266,14
2023/11/27,1,0,0,0,0,0,0,0,0,715,28,10,276,31
2023/11/28,0,1,0,0,0,0,0,0,0,730,25,16,278,39
2023/11/29,0,0,1,0,0,0,0,0,0,682,23,18,282,34
2023/11/30,0,0,0,1,0,0,0,0,0,630,19,17,279,23
2023/12/1,0,0,0,0,1,0,0,0,0,621,25,12,281,31
2023/12/2,0,0,0,0,0,1,0,0,0,203,2,17,270,14
2023/12/3,0,0,0,0,0,0,1,0,0,42,1,13,276,12
2023/12/4,1,0,0,0,0,0,0,0,0,712,28,17,286,34
2023/12/5,0,1,0,0,0,0,0,0,0,700,23,17,288,30
2023/12/6,0,0,1,0,0,0,0,0,0,774,24,22,287,33
2023/12/7,0,0,0,1,0,0,0,0,0,604,29,15,291,31
2023/12/8,0,0,0,0,1,0,0,0,0,727,25,19,277,33
2023/12/9,0,0,0,0,0,1,0,0,0,197,5,18,275,22
2023/12/10,0,0,0,0,0,0,1,0,0,23,3,5,283,16
2023/12/11,1,0,0,0,0,0,0,0,0,699,29,12,291,33
2023/12/12,0,1,0,0,0,0,0,0,0,694,28,13,294,26
2023/12/13,0,0,1,0,0,0,0,0,0,696,31,19,297,24
2023/12/14,0,0,0,1,0,0,0,0,0,584,22,12,300,31
2023/12/15,0,0,0,0,1,0,0,0,0,756,25,15,293,27
2023/12/16,0,0,0,0,0,1,0,0,0,262,4,10,289,14
2023/12/17,0,0,0,0,0,0,1,0,0,34,3,14,292,13
2023/12/18,1,0,0,0,0,0,0,0,0,693,21,12,297,30
2023/12/19,0,1,0,0,0,0,0,0,0,687,26,18,310,38
2023/12/20,0,0,1,0,0,0,0,0,0,710,26,19,306,32
2023/12/21,0,0,0,1,0,0,0,0,0,549,26,16,297,19
2023/12/22,0,0,0,0,1,0,0,0,0,757,22,15,288,26
2023/12/23,0,0,0,0,0,1,0,0,0,207,4,13,274,10
2023/12/24,0,0,0,0,0,0,1,0,0,34,1,22,274,17
2023/12/25,1,0,0,0,0,0,0,0,0,672,26,10,274,31
2023/12/26,0,1,0,0,0,0,0,0,0,702,20,20,280,37
2023/12/27,0,0,1,0,0,0,0,0,0,750,25,18,278,32
2023/12/28,0,0,0,1,0,0,0,0,0,584,20,13,268,22
2023/12/29,0,0,0,0,1,0,0,0,1,659,17,17,254,19
2023/12/30,0,0,0,0,0,1,0,1,0,148,4,10,233,11
2023/12/31,0,0,0,0,0,0,1,0,0,24,8,7,233,11
2024/1/1,1,0,0,0,0,0,0,0,0,112,2,17,244,17
2024/1/2,0,1,0,0,0,0,0,0,0,71,1,23,255,20
2024/1/3,0,0,1,0,0,0,0,0,0,114,1,20,277,25
2024/1/4,0,0,0,1,0,0,0,0,0,575,22,18,298,34
2024/1/5,0,0,0,0,1,0,0,0,1,669,20,20,305,33
2024/1/6,0,0,0,0,0,1,0,1,0,211,4,10,302,16
2024/1/7,0,0,0,0,0,0,1,0,0,27,0,10,292,2
2024/1/8,1,0,0,0,0,0,0,0,0,86,1,12,300,15
2024/1/9,0,1,0,0,0,0,0,0,0,737,28,12,306,27
2024/1/10,0,0,1,0,0,0,0,0,0,793,23,4,310,28
2024/1/11,0,0,0,1,0,0,0,0,0,593,28,11,314,37
2024/1/12,0,0,0,0,1,0,0,0,0,706,21,14,303,25
2024/1/13,0,0,0,0,0,1,0,0,0,195,4,17,295,16
2024/1/14,0,0,0,0,0,0,1,0,0,22,1,15,303,21
2024/1/15,1,0,0,0,0,0,0,0,0,643,14,11,311,30
2024/1/16,0,1,0,0,0,0,0,0,0,598,24,10,304,35
2024/1/17,0,0,1,0,0,0,0,0,0,691,29,15,298,32
2024/1/18,0,0,0,1,0,0,0,0,0,522,30,10,300,33
2024/1/19,0,0,0,0,1,0,0,0,0,724,21,13,287,22
2024/1/20,0,0,0,0,0,1,0,0,0,218,2,15,275,15
2024/1/21,0,0,0,0,0,0,1,0,0,32,4,23,286,24
2024/1/22,1,0,0,0,0,0,0,0,0,652,28,14,294,34
2024/1/23,0,1,0,0,0,0,0,0,0,601,23,15,292,24
2024/1/24,0,0,1,0,0,0,0,0,0,698,26,8,302,29
2024/1/25,0,0,0,1,0,0,0,0,0,433,20,17,298,29
2024/1/26,0,0,0,0,1,0,0,0,0,620,26,7,290,21
2024/1/27,0,0,0,0,0,1,0,0,0,174,5,18,284,18
2024/1/28,0,0,0,0,0,0,1,0,0,28,2,15,292,17
2024/1/29,1,0,0,0,0,0,0,0,0,621,26,19,302,38
2024/1/30,0,1,0,0,0,0,0,0,0,639,27,10,291,26
2024/1/31,0,0,1,0,0,0,0,0,0,583,27,13,286,23
2024/2/1,0,0,0,1,0,0,0,0,0,505,34,7,297,29
2024/2/2,0,0,0,0,1,0,0,0,0,626,9,12,298,19
2024/2/3,0,0,0,0,0,1,0,0,0,201,3,6,283,6
2024/2/4,0,0,0,0,0,0,1,0,0,28,6,11,289,16
2024/2/5,1,0,0,0,0,0,0,0,0,695,34,17,303,35
2024/2/6,0,1,0,0,0,0,0,0,0,656,20,8,310,27
2024/2/7,0,0,1,0,0,0,0,0,0,738,20,8,304,30
2024/2/8,0,0,0,1,0,0,0,0,0,565,23,6,308,31
2024/2/9,0,0,0,0,1,0,0,0,1,772,31,18,298,28
2024/2/10,0,0,0,0,0,1,0,1,0,194,4,20,291,17
2024/2/11,0,0,0,0,0,0,1,0,0,36,5,21,299,18
2024/2/12,1,0,0,0,0,0,0,0,0,104,3,10,303,13
2024/2/13,0,1,0,0,0,0,0,0,0,756,31,7,311,33
2024/2/14,0,0,1,0,0,0,0,0,0,772,26,15,298,20
2024/2/15,0,0,0,1,0,0,0,0,0,597,26,9,297,28
2024/2/16,0,0,0,0,1,0,0,0,0,825,14,13,289,28
2024/2/17,0,0,0,0,0,1,0,0,0,213,4,10,282,10
2024/2/18,0,0,0,0,0,0,1,0,0,24,2,12,283,14
2024/2/19,1,0,0,0,0,0,0,0,0,704,22,13,303,38
2024/2/20,0,1,0,0,0,0,0,0,0,659,20,8,304,26
2024/2/21,0,0,1,0,0,0,0,0,0,703,22,18,305,32
2024/2/22,0,0,0,1,0,0,0,0,1,591,22,13,285,16
2024/2/23,0,0,0,0,1,0,0,1,0,108,1,13,278,15
2024/2/24,0,0,0,0,0,1,0,0,0,219,4,7,273,8
2024/2/25,0,0,0,0,0,0,1,0,0,32,7,18,281,19
2024/2/26,1,0,0,0,0,0,0,0,0,654,27,13,298,37
2024/2/27,0,1,0,0,0,0,0,0,0,640,21,11,299,26
2024/2/28,0,0,1,0,0,0,0,0,0,621,23,11,307,24
2024/2/29,0,0,0,1,0,0,0,0,0,503,27,10,303,24
2024/3/1,0,0,0,0,1,0,0,0,0,682,17,11,306,27
2024/3/2,0,0,0,0,0,1,0,0,0,230,6,14,300,17
2024/3/3,0,0,0,0,0,0,1,0,0,25,3,9,304,16
2024/3/4,1,0,0,0,0,0,0,0,0,627,29,5,307,28
2024/3/5,0,1,0,0,0,0,0,0,0,627,27,6,315,28
2024/3/6,0,0,1,0,0,0,0,0,0,742,26,8,315,33
2024/3/7,0,0,0,1,0,0,0,0,0,614,26,5,316,27
2024/3/8,0,0,0,0,1,0,0,0,0,692,21,6,301,19
2024/3/9,0,0,0,0,0,1,0,0,0,212,6,16,299,19
2024/3/10,0,0,0,0,0,0,1,0,0,30,2,15,300,14
2024/3/11,1,0,0,0,0,0,0,0,0,697,13,6,303,32
2024/3/12,0,1,0,0,0,0,0,0,0,638,22,15,313,37
2024/3/13,0,0,1,0,0,0,0,0,0,801,24,8,307,19
2024/3/14,0,0,0,1,0,0,0,0,0,640,31,14,312,32
2024/3/15,0,0,0,0,1,0,0,0,0,727,18,11,299,18
2024/3/16,0,0,0,0,0,1,0,0,0,260,1,10,293,17
2024/3/17,0,0,0,0,0,0,1,0,0,24,3,11,295,11
2024/3/18,1,0,0,0,0,0,0,0,0,738,23,22,297,34
2024/3/19,0,1,0,0,0,0,0,0,1,712,21,13,294,25
2024/3/20,0,0,1,0,0,0,0,1,0,108,2,14,300,20
2024/3/21,0,0,0,1,0,0,0,0,0,625,28,7,315,39
2024/3/22,0,0,0,0,1,0,0,0,0,655,21,13,305,22
2024/3/23,0,0,0,0,0,1,0,0,0,214,3,8,290,11
2024/3/24,0,0,0,0,0,0,1,0,0,25,5,10,295,20
2024/3/25,1,0,0,0,0,0,0,0,0,662,35,7,298,30
2024/3/26,0,1,0,0,0,0,0,0,0,618,16,6,290,25
2024/3/27,0,0,1,0,0,0,0,0,0,816,25,14,296,31
2024/3/28,0,0,0,1,0,0,0,0,0,574,22,2,286,21
2024/3/29,0,0,0,0,1,0,0,0,0,687,31,9,278,27
2024/3/30,0,0,0,0,0,1,0,0,0,184,4,13,261,13
2024/3/31,0,0,0,0,0,0,1,0,0,25,5,10,262,13
2024/4/1,1,0,0,0,0,0,0,0,0,550,27,12,266,25
2024/4/2,0,1,0,0,0,0,0,0,0,579,17,13,276,29
2024/4/3,0,0,1,0,0,0,0,0,0,653,32,14,285,37
2024/4/4,0,0,0,1,0,0,0,0,0,528,28,12,280,22
2024/4/5,0,0,0,0,1,0,0,0,0,657,20,14,266,17
2024/4/6,0,0,0,0,0,1,0,0,0,219,6,12,266,21
2024/4/7,0,0,0,0,0,0,1,0,0,21,2,11,274,16
2024/4/8,1,0,0,0,0,0,0,0,0,636,25,21,302,45
2024/4/9,0,1,0,0,0,0,0,0,0,574,18,10,302,28
2024/4/10,0,0,1,0,0,0,0,0,0,700,29,7,300,25
2024/4/11,0,0,0,1,0,0,0,0,0,535,20,8,296,29
2024/4/12,0,0,0,0,1,0,0,0,0,671,20,12,284,21
2024/4/13,0,0,0,0,0,1,0,0,0,224,5,17,284,19
2024/4/14,0,0,0,0,0,0,1,0,0,24,3,12,288,11
2024/4/15,1,0,0,0,0,0,0,0,0,701,25,11,295,32
2024/4/16,0,1,0,0,0,0,0,0,0,641,21,16,299,35
2024/4/17,0,0,1,0,0,0,0,0,0,705,28,7,304,28
2024/4/18,0,0,0,1,0,0,0,0,0,593,30,12,306,30
2024/4/19,0,0,0,0,1,0,0,0,0,656,28,10,305,32
2024/4/20,0,0,0,0,0,1,0,0,0,243,9,7,300,13
2024/4/21,0,0,0,0,0,0,1,0,0,20,7,9,301,18
2024/4/22,1,0,0,0,0,0,0,0,0,740,30,10,296,30
2024/4/23,0,1,0,0,0,0,0,0,0,623,24,10,291,31
2024/4/24,0,0,1,0,0,0,0,0,0,735,29,11,291,30
2024/4/25,0,0,0,1,0,0,0,0,0,566,22,13,283,29
2024/4/26,0,0,0,0,1,0,0,0,1,730,24,12,265,22
2024/4/27,0,0,0,0,0,1,0,1,0,211,2,16,251,11
2024/4/28,0,0,0,0,0,0,1,0,0,32,3,15,254,16
2024/4/29,1,0,0,0,0,0,0,0,0,106,5,12,259,16
2024/4/30,0,1,0,0,0,0,0,0,0,706,35,13,273,43
2024/5/1,0,0,1,0,0,0,0,0,0,760,29,12,277,30
2024/5/2,0,0,0,1,0,0,0,0,1,645,23,14,276,25
2024/5/3,0,0,0,0,1,0,0,1,0,94,0,10,264,9
2024/5/4,0,0,0,0,0,1,0,0,0,79,4,9,264,11
2024/5/5,0,0,0,0,0,0,1,0,0,28,4,11,263,14
2024/5/6,1,0,0,0,0,0,0,0,0,106,5,14,269,19
2024/5/7,0,1,0,0,0,0,0,0,0,624,25,17,291,40
2024/5/8,0,0,1,0,0,0,0,0,0,779,41,6,292,32
2024/5/9,0,0,0,1,0,0,0,0,0,526,21,11,291,27
2024/5/10,0,0,0,0,1,0,0,0,0,804,17,7,284,19
2024/5/11,0,0,0,0,0,1,0,0,0,202,0,12,282,14
2024/5/12,0,0,0,0,0,0,1,0,0,26,3,12,284,16
2024/5/13,1,0,0,0,0,0,0,0,0,785,27,10,288,35
2024/5/14,0,1,0,0,0,0,0,0,0,631,22,4,276,21
2024/5/15,0,0,1,0,0,0,0,0,0,789,27,10,278,33
2024/5/16,0,0,0,1,0,0,0,0,0,656,13,22,270,31
2024/5/17,0,0,0,0,1,0,0,0,0,715,19,8,263,22
2024/5/18,0,0,0,0,0,1,0,0,0,236,6,23,258,21
2024/5/19,0,0,0,0,0,0,1,0,0,33,4,11,260,17
2024/5/20,1,0,0,0,0,0,0,0,0,730,28,18,283,41
2024/5/21,0,1,0,0,0,0,0,0,0,635,20,9,277,23
2024/5/22,0,0,1,0,0,0,0,0,0,744,27,18,282,27
2024/5/23,0,0,0,1,0,0,0,0,0,533,32,12,299,35
2024/5/24,0,0,0,0,1,0,0,0,0,685,22,17,293,26
2024/5/25,0,0,0,0,0,1,0,0,0,206,2,20,280,17
2024/5/26,0,0,0,0,0,0,1,0,0,39,5,12,290,21
2024/5/27,1,0,0,0,0,0,0,0,0,686,28,11,304,38
2024/5/28,0,1,0,0,0,0,0,0,0,664,15,16,294,24
2024/5/29,0,0,1,0,0,0,0,0,0,693,25,19,290,29
2024/5/30,0,0,0,1,0,0,0,0,0,597,23,15,282,30
2024/5/31,0,0,0,0,1,0,0,0,0,591,26,16,276,28
2024/6/1,0,0,0,0,0,1,0,0,0,172,6,13,264,15
2024/6/2,0,0,0,0,0,0,1,0,0,21,1,9,267,10
2024/6/3,1,0,0,0,0,0,0,0,0,682,31,23,293,43
2024/6/4,0,1,0,0,0,0,0,0,0,576,28,10,302,33
2024/6/5,0,0,1,0,0,0,0,0,0,792,31,12,298,23
2024/6/6,0,0,0,1,0,0,0,0,0,625,28,13,303,31
2024/6/7,0,0,0,0,1,0,0,0,0,694,21,11,286,19
2024/6/8,0,0,0,0,0,1,0,0,0,196,2,17,281,17
2024/6/9,0,0,0,0,0,0,1,0,0,24,3,14,283,14
2024/6/10,1,0,0,0,0,0,0,0,0,764,42,21,299,46
2024/6/11,0,1,0,0,0,0,0,0,0,643,27,16,292,28
2024/6/12,0,0,1,0,0,0,0,0,0,685,32,19,298,33
2024/6/13,0,0,0,1,0,0,0,0,0,580,26,12,295,24
2024/6/14,0,0,0,0,1,0,0,0,0,658,27,11,295,30
2024/6/15,0,0,0,0,0,1,0,0,0,221,4,13,285,16
2024/6/16,0,0,0,0,0,0,1,0,0,31,4,16,295,16
2024/6/17,1,0,0,0,0,0,0,0,0,675,40,12,307,45
2024/6/18,0,1,0,0,0,0,0,0,0,579,16,10,305,23
2024/6/19,0,0,1,0,0,0,0,0,0,673,26,14,301,23
2024/6/20,0,0,0,1,0,0,0,0,0,581,23,15,292,32
2024/6/21,0,0,0,0,1,0,0,0,0,673,26,12,278,19
2024/6/22,0,0,0,0,0,1,0,0,0,180,6,19,278,21
2024/6/23,0,0,0,0,0,0,1,0,0,33,1,15,290,19
2024/6/24,1,0,0,0,0,0,0,0,0,617,34,11,296,33
2024/6/25,0,1,0,0,0,0,0,0,0,624,34,4,294,24
2024/6/26,0,0,1,0,0,0,0,0,0,687,20,13,287,27
2024/6/27,0,0,0,1,0,0,0,0,0,538,19,13,292,29
2024/6/28,0,0,0,0,1,0,0,0,0,580,18,14,276,20
2024/6/29,0,0,0,0,0,1,0,0,0,167,2,17,269,14
2024/6/30,0,0,0,0,0,0,1,0,0,21,6,9,269,11
2024/7/1,1,0,0,0,0,0,0,0,0,605,26,12,272,27
2024/7/2,0,1,0,0,0,0,0,0,0,547,14,11,275,33
2024/7/3,0,0,1,0,0,0,0,0,0,688,27,18,288,34
2024/7/4,0,0,0,1,0,0,0,0,0,587,21,7,289,29
2024/7/5,0,0,0,0,1,0,0,0,0,691,13,12,273,22
2024/7/6,0,0,0,0,0,1,0,0,0,181,4,9,256,10
2024/7/7,0,0,0,0,0,0,1,0,0,23,0,14,269,19
2024/7/8,1,0,0,0,0,0,0,0,0,776,27,11,276,39
2024/7/9,0,1,0,0,0,0,0,0,0,732,21,11,279,28
2024/7/10,0,0,1,0,0,0,0,0,0,792,23,16,279,32
2024/7/11,0,0,0,1,0,0,0,0,0,704,24,16,295,47
2024/7/12,0,0,0,0,1,0,0,0,1,779,18,21,291,31
2024/7/13,0,0,0,0,0,1,0,1,0,184,3,18,277,14
2024/7/14,0,0,0,0,0,0,1,0,0,34,1,12,284,18
2024/7/15,1,0,0,0,0,0,0,0,0,105,2,16,289,19
2024/7/16,0,1,0,0,0,0,0,0,0,713,23,15,287,29
2024/7/17,0,0,1,0,0,0,0,0,0,805,32,18,299,42
2024/7/18,0,0,0,1,0,0,0,0,0,634,19,10,306,34
2024/7/19,0,0,0,0,1,0,0,0,0,752,12,8,293,20
2024/7/20,0,0,0,0,0,1,0,0,0,257,6,25,285,20
2024/7/21,0,0,0,0,0,0,1,0,0,29,2,20,285,15
2024/7/22,1,0,0,0,0,0,0,0,0,762,30,14,297,37
2024/7/23,0,1,0,0,0,0,0,0,0,575,21,14,285,28
2024/7/24,0,0,1,0,0,0,0,0,0,672,23,9,293,26
2024/7/25,0,0,0,1,0,0,0,0,0,578,16,12,304,34
2024/7/26,0,0,0,0,1,0,0,0,0,627,23,16,289,20
2024/7/27,0,0,0,0,0,1,0,0,0,165,1,11,283,14
2024/7/28,0,0,0,0,0,0,1,0,0,29,5,15,282,17
2024/7/29,1,0,0,0,0,0,0,0,0,641,28,13,285,31
2024/7/30,0,1,0,0,0,0,0,0,0,642,28,11,288,32
2024/7/31,0,0,1,0,0,0,0,0,0,683,28,10,283,21
2024/8/1,0,0,0,1,0,0,0,0,0,564,22,17,293,34
2024/8/2,0,0,0,0,1,0,0,0,0,701,20,12,284,23
2024/8/3,0,0,0,0,0,1,0,0,0,180,5,13,282,17
2024/8/4,0,0,0,0,0,0,1,0,0,24,2,12,288,13
2024/8/5,1,0,0,0,0,0,0,0,0,780,30,15,294,39
2024/8/6,0,1,0,0,0,0,0,0,0,606,32,12,296,29
2024/8/7,0,0,1,0,0,0,0,0,0,753,21,14,298,31
2024/8/8,0,0,0,1,0,0,0,0,0,499,20,11,308,32
2024/8/9,0,0,0,0,1,0,0,0,1,645,18,14,300,29
2024/8/10,0,0,0,0,0,1,0,1,0,195,5,23,290,18
2024/8/11,0,0,0,0,0,0,1,0,0,29,4,14,292,16
2024/8/12,1,0,0,0,0,0,0,0,0,104,4,18,287,15
2024/8/13,0,1,0,0,0,0,0,0,0,636,32,20,292,37
2024/8/14,0,0,1,0,0,0,0,0,0,697,29,23,295,28
2024/8/15,0,0,0,1,0,0,0,0,0,586,18,8,309,39
2024/8/16,0,0,0,0,1,0,0,0,0,696,14,9,298,23
2024/8/17,0,0,0,0,0,1,0,0,0,236,7,18,290,16
2024/8/18,0,0,0,0,0,0,1,0,0,41,7,16,288,14
2024/8/19,1,0,0,0,0,0,0,0,0,759,28,16,305,39
2024/8/20,0,1,0,0,0,0,0,0,0,577,16,15,303,30
2024/8/21,0,0,1,0,0,0,0,0,0,681,18,11,287,22
2024/8/22,0,0,0,1,0,0,0,0,0,611,29,11,285,37
2024/8/23,0,0,0,0,1,0,0,0,0,696,21,20,277,32
2024/8/24,0,0,0,0,0,1,0,0,0,179,9,21,277,17
2024/8/25,0,0,0,0,0,0,1,0,0,31,3,14,286,19
2024/8/26,1,0,0,0,0,0,0,0,0,640,36,7,278,25
2024/8/27,0,1,0,0,0,0,0,0,0,581,19,14,278,24
2024/8/28,0,0,1,0,0,0,0,0,0,753,21,17,271,27
2024/8/29,0,0,0,1,0,0,0,0,0,563,18,11,262,22
2024/8/30,0,0,0,0,1,0,0,0,0,675,29,21,250,26
2024/8/31,0,0,0,0,0,1,0,0,0,179,5,14,251,22
2024/9/1,0,0,0,0,0,0,1,0,0,28,1,18,256,12
2024/9/2,1,0,0,0,0,0,0,0,0,732,35,20,276,41
2024/9/3,0,1,0,0,0,0,0,0,0,613,27,11,277,32
2024/9/4,0,0,1,0,0,0,0,0,0,740,34,20,290,35
2024/9/5,0,0,0,1,0,0,0,0,0,654,20,13,296,30
2024/9/6,0,0,0,0,1,0,0,0,0,675,14,6,278,15
2024/9/7,0,0,0,0,0,1,0,0,0,204,8,14,275,19
2024/9/8,0,0,0,0,0,0,1,0,0,25,4,9,279,16
2024/9/9,1,0,0,0,0,0,0,0,0,755,31,21,288,46
2024/9/10,0,1,0,0,0,0,0,0,0,633,28,13,285,31
2024/9/11,0,0,1,0,0,0,0,0,0,713,24,11,281,26
2024/9/12,0,0,0,1,0,0,0,0,0,574,27,10,281,29
2024/9/13,0,0,0,0,1,0,0,0,1,689,13,21,271,32
2024/9/14,0,0,0,0,0,1,0,1,0,196,6,15,273,20
2024/9/15,0,0,0,0,0,0,1,0,0,46,2,31,287,24
2024/9/16,1,0,0,0,0,0,0,0,0,109,2,21,295,21
2024/9/17,0,1,0,0,0,0,0,0,0,686,27,14,309,39
2024/9/18,0,0,1,0,0,0,0,0,0,752,19,6,302,20
2024/9/19,0,0,0,1,0,0,0,0,0,592,19,12,307,29
2024/9/20,0,0,0,0,1,0,0,0,1,728,27,11,294,20
2024/9/21,0,0,0,0,0,1,0,1,0,228,6,20,288,17
2024/9/22,0,0,0,0,0,0,1,0,0,49,5,27,301,22
2024/9/23,1,0,0,0,0,0,0,0,0,101,2,17,310,18
2024/9/24,0,1,0,0,0,0,0,0,0,676,37,15,313,29
2024/9/25,0,0,1,0,0,0,0,0,0,695,23,10,317,30
2024/9/26,0,0,0,1,0,0,0,0,0,558,25,6,310,26
2024/9/27,0,0,0,0,1,0,0,0,0,706,27,13,287,21
2024/9/28,0,0,0,0,0,1,0,0,0,175,1,14,284,14
2024/9/29,0,0,0,0,0,0,1,0,0,23,1,12,287,13
2024/9/30,1,0,0,0,0,0,0,0,0,781,36,17,285,38
2024/10/1,0,1,0,0,0,0,0,0,0,566,24,11,299,36
2024/10/2,0,0,1,0,0,0,0,0,0,698,39,9,296,22
2024/10/3,0,0,0,1,0,0,0,0,0,610,21,12,305,33
2024/10/4,0,0,0,0,1,0,0,0,0,647,14,12,303,24
2024/10/5,0,0,0,0,0,1,0,0,0,200,7,10,295,16
2024/10/6,0,0,0,0,0,0,1,0,0,24,3,15,297,13
2024/10/7,1,0,0,0,0,0,0,0,0,745,32,16,302,34
2024/10/8,0,1,0,0,0,0,0,0,0,591,27,19,306,29
2024/10/9,0,0,1,0,0,0,0,0,0,679,24,14,303,33
2024/10/10,0,0,0,1,0,0,0,0,0,578,24,14,301,30
2024/10/11,0,0,0,0,1,0,0,0,1,708,21,18,287,23
2024/10/12,0,0,0,0,0,1,0,1,0,218,5,22,286,20
2024/10/13,0,0,0,0,0,0,1,0,0,22,4,7,275,10
2024/10/14,1,0,0,0,0,0,0,0,0,94,3,16,285,19
2024/10/15,0,1,0,0,0,0,0,0,0,857,17,16,291,39
2024/10/16,0,0,1,0,0,0,0,0,0,909,36,16,301,38
2024/10/17,0,0,0,1,0,0,0,0,0,710,33,13,299,29
2024/10/18,0,0,0,0,1,0,0,0,0,664,35,15,295,31
2024/10/19,0,0,0,0,0,1,0,0,0,218,5,10,283,14
2024/10/20,0,0,0,0,0,0,1,0,0,33,6,17,274,13
2024/10/21,1,0,0,0,0,0,0,0,0,703,23,20,275,34
2024/10/22,0,1,0,0,0,0,0,0,0,619,31,11,276,28
2024/10/23,0,0,1,0,0,0,0,0,0,722,20,18,274,25
2024/10/24,0,0,0,1,0,0,0,0,0,572,33,16,275,33
2024/10/25,0,0,0,0,1,0,0,0,0,719,16,16,273,26
2024/10/26,0,0,0,0,0,1,0,0,0,186,2,19,269,15
2024/10/27,0,0,0,0,0,0,1,0,0,21,6,7,276,17
2024/10/28,1,0,0,0,0,0,0,0,0,722,21,11,290,38
2024/10/29,0,1,0,0,0,0,0,0,0,616,22,12,271,27
2024/10/30,0,0,1,0,0,0,0,0,0,715,28,19,276,28
2024/10/31,0,0,0,1,0,0,0,0,0,459,26,14,281,29
2024/11/1,0,0,0,0,1,0,0,0,1,734,25,17,288,25
2024/11/2,0,0,0,0,0,1,0,1,0,210,4,13,280,16
2024/11/3,0,0,0,0,0,0,1,0,0,38,1,19,290,20
2024/11/4,1,0,0,0,0,0,0,0,0,112,8,22,305,25
2024/11/5,0,1,0,0,0,0,0,0,0,696,35,14,309,33
2024/11/6,0,0,1,0,0,0,0,0,0,766,25,6,310,18
2024/11/7,0,0,0,1,0,0,0,0,0,614,29,13,303,30
2024/11/8,0,0,0,0,1,0,0,0,0,642,18,21,281,26
2024/11/9,0,0,0,0,0,1,0,0,0,184,1,14,275,12
2024/11/10,0,0,0,0,0,0,1,0,0,20,4,11,285,16
2024/11/11,1,0,0,0,0,0,0,0,0,751,32,9,280,29
2024/11/12,0,1,0,0,0,0,0,0,0,823,17,15,285,34
2024/11/13,0,0,1,0,0,0,0,0,0,766,23,11,283,27
2024/11/14,0,0,0,1,0,0,0,0,0,730,25,19,290,39
2024/11/15,0,0,0,0,1,0,0,0,0,815,22,21,300,40
2024/11/16,0,0,0,0,0,1,0,0,0,214,9,13,284,13
2024/11/17,0,0,0,0,0,0,1,0,0,44,6,28,284,20
2024/11/18,1,0,0,0,0,0,0,0,0,710,29,17,291,35
2024/11/19,0,1,0,0,0,0,0,0,0,621,23,7,285,24
2024/11/20,0,0,1,0,0,0,0,0,0,736,26,17,289,27
2024/11/21,0,0,0,1,0,0,0,0,0,611,13,12,278,25
2024/11/22,0,0,0,0,1,0,0,0,1,747,15,15,273,23
2024/11/23,0,0,0,0,0,1,0,1,0,72,2,18,266,12
2024/11/24,0,0,0,0,0,0,1,0,0,26,3,13,276,15
2024/11/25,1,0,0,0,0,0,0,0,0,812,30,16,290,43
2024/11/26,0,1,0,0,0,0,0,0,0,655,18,12,292,31
2024/11/27,0,0,1,0,0,0,0,0,0,755,33,15,289,28
2024/11/28,0,0,0,1,0,0,0,0,0,578,20,8,285,25
2024/11/29,0,0,0,0,1,0,0,0,0,705,19,14,270,21
2024/11/30,0,0,0,0,0,1,0,0,0,185,12,21,270,15
2024/12/1,0,0,0,0,0,0,1,0,0,34,3,13,283,24
2024/12/2,1,0,0,0,0,0,0,0,0,704,26,19,293,38
2024/12/3,0,1,0,0,0,0,0,0,0,597,24,23,298,29
2024/12/4,0,0,1,0,0,0,0,0,0,758,28,22,300,34
2024/12/5,0,0,0,1,0,0,0,0,0,627,26,14,308,35
2024/12/6,0,0,0,0,1,0,0,0,0,731,25,14,306,31
2024/12/7,0,0,0,0,0,1,0,0,0,207,7,14,304,20
2024/12/8,0,0,0,0,0,0,1,0,0,37,4,21,318,29
2024/12/9,1,0,0,0,0,0,0,0,0,682,33,9,312,30
2024/12/10,0,1,0,0,0,0,0,0,0,657,32,16,318,27
2024/12/11,0,0,1,0,0,0,0,0,0,740,31,14,320,33
2024/12/12,0,0,0,1,0,0,0,0,0,586,27,4,313,28
2024/12/13,0,0,0,0,1,0,0,0,0,736,19,8,303,31
2024/12/14,0,0,0,0,0,1,0,0,0,203,4,15,293,18
2024/12/15,0,0,0,0,0,0,1,0,0,33,3,17,296,20
2024/12/16,1,0,0,0,0,0,0,0,0,678,28,13,309,36
2024/12/17,0,1,0,0,0,0,0,0,0,701,17,14,313,28
2024/12/18,0,0,1,0,0,0,0,0,0,785,24,18,308,28
2024/12/19,0,0,0,1,0,0,0,0,0,687,17,24,312,40
2024/12/20,0,0,0,0,1,0,0,0,0,828,34,23,298,27
2024/12/21,0,0,0,0,0,1,0,0,0,258,2,24,301,29
2024/12/22,0,0,0,0,0,0,1,0,0,50,6,21,311,24
2024/12/23,1,0,0,0,0,0,0,0,0,863,36,14,310,32
2024/12/24,0,1,0,0,0,0,0,0,0,728,23,21,306,34
2024/12/25,0,0,1,0,0,0,0,0,0,830,19,20,308,36
2024/12/26,0,0,0,1,0,0,0,0,0,712,24,29,310,35
2024/12/27,0,0,0,0,1,0,0,0,0,773,25,15,314,33
2024/12/28,0,0,0,0,0,1,0,0,0,219,4,24,307,24
2024/12/29,0,0,0,0,0,0,1,0,0,53,2,17,304,15
2024/12/30,1,0,0,0,0,0,0,0,0,581,17,24,290,30
2024/12/31,0,1,0,0,0,0,0,0,0,106,11,38,302,27
2025/1/1,0,0,1,0,0,0,0,0,0,105,3,25,308,17
2025/1/2,0,0,0,1,0,0,0,0,0,81,1,11,313,12
2025/1/3,0,0,0,0,1,0,0,0,0,119,3,13,316,13
2025/1/4,0,0,0,0,0,1,0,0,0,203,5,8,316,12
2025/1/5,0,0,0,0,0,0,1,0,0,29,3,5,319,15
2025/1/6,1,0,0,0,0,0,0,0,0,708,23,13,325,28
2025/1/7,0,1,0,0,0,0,0,0,0,686,16,18,325,32
2025/1/8,0,0,1,0,0,0,0,0,0,773,21,8,321,21
2025/1/9,0,0,0,1,0,0,0,0,0,631,21,6,318,28
2025/1/10,0,0,0,0,1,0,0,0,0,797,29,12,308,29
2025/1/11,0,0,0,0,0,1,0,0,0,169,5,12,291,15
2025/1/12,0,0,0,0,0,0,1,0,0,31,1,18,288,9
2025/1/13,1,0,0,0,0,0,0,0,0,128,6,36,300,31
2025/1/14,0,1,0,0,0,0,0,0,0,665,31,18,302,29
2025/1/15,0,0,1,0,0,0,0,0,0,769,25,17,307,35
2025/1/16,0,0,0,1,0,0,0,0,0,613,22,16,320,39
2025/1/17,0,0,0,0,1,0,0,0,0,738,30,10,320,30
2025/1/18,0,0,0,0,0,1,0,0,0,211,3,10,299,12
2025/1/19,0,0,0,0,0,0,1,0,0,29,4,18,311,25
2025/1/20,1,0,0,0,0,0,0,0,0,767,28,17,319,29
2025/1/21,0,1,0,0,0,0,0,0,0,634,28,14,308,29
2025/1/22,0,0,1,0,0,0,0,0,0,723,16,16,318,26
2025/1/23,0,0,0,1,0,0,0,0,0,567,27,9,320,29
2025/1/24,0,0,0,0,1,0,0,0,0,662,26,11,306,27
2025/1/25,0,0,0,0,0,1,0,0,0,187,5,19,303,19
2025/1/26,0,0,0,0,0,0,1,0,0,33,4,14,305,17
2025/1/27,1,0,0,0,0,0,0,0,0,689,34,14,321,36
2025/1/28,0,1,0,0,0,0,0,0,0,556,23,11,319,34
2025/1/29,0,0,1,0,0,0,0,0,0,683,24,16,319,24
2025/1/30,0,0,0,1,0,0,0,0,0,534,20,20,312,29
2025/1/31,0,0,0,0,1,0,0,0,0,575,16,10,304